Title,Subtitle,Image,Author,Publication,Year,Month,Day,Tag,Reading_Time,Claps,Comment,Author_url,Article_Link
Data Cleaning,Did you know that Data Scientists spend 80% of their time cleaning data and the other 20% complaining about it?,1,Mohit SharmaTheMenYouWantToBe),Hacker Noon,2018,9,1,data-science,17,43,0,https://hackernoon.com/@themenyouwanttobe?source=tag_archive---------0---------------------,https://hackernoon.com/data-cleaning-3c3e37f358dc
Introduction to Word Embedding and Word2Vec,Word embedding is one of the most popular representation of document vocabulary. It,1,Dhruvil Karani,Towards Data Science,2018,9,1,data-science,5,69,0,https://towardsdatascience.com/@karanidhruvil?source=tag_archive---------1---------------------,https://towardsdatascience.com/introduction-to-word-embedding-and-word2vec-652d0c2060fa
Linear Algebra 101Part 2,"Before stepping into this article, please note that these stories are a series of Towards understanding",1,Sho Nakagome,sho.jp,2018,9,1,data-science,6,119,0,https://medium.com/@sho.jp?source=tag_archive---------2---------------------,https://medium.com/sho-jp/towards-understanding-linear-algebra-part-2-e51c948ad00
MS ExcelAccountants Should Understand These Basic Data Management Techniques!,NaN,1,Don Tomoff,Let s Excel,2018,9,1,data-science,4,10,0,https://medium.com/@dtomoffcpa?source=tag_archive---------3---------------------,https://medium.com/lets-excel/ms-excel-accountants-need-to-know-these-basic-data-management-techniques-7ced037fb2cb
Statistical Learning Notes (Series),"This is the pilot post of blog post series Statistical Learning Notes, this post covers the",1,Ankit Rathi,Towards Data Science,2018,9,1,data-science,2,62,0,https://towardsdatascience.com/@rathi.ankit?source=tag_archive---------4---------------------,https://towardsdatascience.com/statistical-learning-notes-series-c8c218102ae0
Kaggle X Avocado Prices (1/2),This is for data science taking Kaggle datasetAvocado Prices as demonstration. After finishing reading,1,Chia-HuiAlice) Liu,NaN,2018,9,1,data-science,7,60,0,https://medium.com/@chiahuiliu?source=tag_archive---------5---------------------,https://medium.com/@chiahuiliu/kaggle-x-avocado-prices-1-3-4a816fbbefc6
Step out from regular expression for feature engineering,NaN,1,Edward Ma,Towards Data Science,2018,9,1,data-science,4,20,0,https://towardsdatascience.com/@makcedward?source=tag_archive---------6---------------------,https://towardsdatascience.com/step-out-from-regular-expression-for-feature-engineering-134e594f542c
Uncovering Hidden Trends in AirBnB Reviews using Data Science,NaN,1,Sakshi Gupta,Towards Data Science,2018,9,1,data-science,8,56,0,https://towardsdatascience.com/@sakshi716?source=tag_archive---------7---------------------,https://towardsdatascience.com/uncovering-hidden-trends-in-airbnb-reviews-11eb924f2fec
Mean Image Clustering on Pokemon Images,Exploratory algorithms are well-defined on numerical attributes by presenting a summary of,1,Connor Shorten,Towards Data Science,2018,9,1,data-science,4,259,0,https://towardsdatascience.com/@connorshorten300?source=tag_archive---------8---------------------,https://towardsdatascience.com/color-difference-clustering-on-pokemon-images-68c6f0a3245b
Neural NetworkDeep LearningParte 2: Introduo Terica,NaN,1,Arthur Lamblet Vaz,Data Hackers,2018,9,1,data-science,7,14,0,https://medium.com/@arthurlambletvaz?source=tag_archive---------9---------------------,https://medium.com/data-hackers/neural-network-deep-learning-parte-2-introdu%C3%A7%C3%A3o-te%C3%B3rica-e9943e1dfc98
"Review: SPPNet 1st Runner Up (Object Detection), 2nd Runner Up (Image Classification) in ILSVRC 2014",NaN,1,SH Tsang,Coinmonks,2018,9,1,data-science,6,24,0,https://medium.com/@sh.tsang?source=tag_archive---------10---------------------,https://medium.com/coinmonks/review-sppnet-1st-runner-up-object-detection-2nd-runner-up-image-classification-in-ilsvrc-906da3753679
Non-technical skills needed as a data scientist & how can he become effective Communicator,NaN,1,Saurabh Sahu,GreyAtom,2018,9,1,data-science,5,103,0,https://medium.com/@sahusaurabh9821?source=tag_archive---------11---------------------,https://medium.com/greyatom/non-technical-skills-needed-as-a-data-scientist-how-can-he-become-effective-communicator-76241c1bc088
Kaggle Competition: Digit Recognizer -MNIST with tf.Keras,NaN,1,Margaret Maynard-Reid,Google Developers Experts,2018,9,1,data-science,4,63,0,https://medium.com/@margaretmz?source=tag_archive---------12---------------------,https://medium.com/google-developer-experts/kaggle-competition-digit-recognizer-mnist-with-tf-keras-86981edadded
My freewheeling conversation on Data Science,A few weeks back I had setup up an Ask-Me-Anything session where anyone could,1,Ganes Kesari,NaN,2018,9,1,data-science,4,53,0,https://medium.com/@kesari?source=tag_archive---------13---------------------,https://medium.com/@kesari/my-freewheeling-conversation-on-data-science-a34de1211e6d
Application on Kruskal-Wallis Test,"In real world, data is coming from various domains. You may need to obtain meaningful inferences from data. In statistics, various statistical techniques are available for making inferences. Mainly, two approaches named as parametric and non parametric can be",0,Indula Kulawardana,NaN,2018,9,1,data-science,3,1,0,https://medium.com/@indkulwardana8?source=tag_archive---------14---------------------,https://medium.com/@indkulwardana8/application-on-kruskal-wallis-test-26c92af132f3
Importing Data to R: The First Step Towards Your Data Science Project,NaN,1,Sakshi Gupta,Towards Data Science,2018,9,1,data-science,4,37,0,https://towardsdatascience.com/@sakshi716?source=tag_archive---------15---------------------,https://towardsdatascience.com/importing-data-to-r-the-first-step-towards-your-data-science-project-a499c1dd0948
      ,Sofia Heisler ,1,aldente0630,NaN,2018,9,1,data-science,10,1,0,https://medium.com/@aldente0630?source=tag_archive---------16---------------------,https://medium.com/@aldente0630/%ED%8C%90%EB%8B%A4%EC%8A%A4-%EC%BD%94%EB%93%9C-%EC%86%8D%EB%8F%84-%EC%B5%9C%EC%A0%81%ED%99%94%EB%A5%BC-%EC%9C%84%ED%95%9C-%EC%B4%88%EB%B3%B4%EC%9E%90-%EC%95%88%EB%82%B4%EC%84%9C-28cc64d7eb92
Some Facts about Stats!,"Here are some interesting questions that came to my mind when I started learning Descriptive Statistics, after",1,Rushabh Mehta,GreyAtom,2018,9,1,data-science,4,1,0,https://medium.com/@rushabh123?source=tag_archive---------17---------------------,https://medium.com/greyatom/some-facts-about-stats-839cf9cf3a8d
Classification Evaluation Scheme: the Breakdown of Confusion Matrix,"Accuracy, Precision, Recall, ROC",1,Korkrid Kyle Akepanidtaworn,NaN,2018,9,1,data-science,4,9,0,https://medium.com/@kyleake?source=tag_archive---------18---------------------,https://medium.com/@kyleake/classification-evaluation-scheme-the-breakdown-of-confusion-matrix-7b8066e978aa
The Snorlax,Weeknotes S01E07,0,Steve Messer,Web of Weeknotes,2018,9,1,data-science,3,6,0,https://weeknot.es/@stevenjmesser?source=tag_archive---------19---------------------,https://weeknot.es/the-snorlax-95f4ac78c4c4
DataOil of the Future AND Data Scienceits Exploration engine !!!,"For taking steps to know about Data Science, in the first of the series, I shall cover briefly an introduction to Data Science, what skills you require to become a Data Scientist and briefly on Python, the",0,Rajesh S. Brid,GreyAtom,2018,9,1,data-science,11,2,0,https://medium.com/@rajesh_brid?source=tag_archive---------20---------------------,https://medium.com/greyatom/data-oil-of-the-future-and-data-science-its-exploration-engine-acdea8c2fc21
Why I decided to pursue bioinformatics and start a blog,"After years of collaborating with amazing bioinformaticians and wishing they had more time to spend on our project, I decided that the only way to make it happen was to become a bioinformatician",0,Deena Blumenkrantz,Deena Does Data Science,2018,9,1,data-science,2,62,0,https://medium.com/@deenab?source=tag_archive---------21---------------------,https://medium.com/deena-does-data-science/why-i-blog-27848409149f
NaN,NaN,0,Ke Gui,NaN,2018,9,1,data-science,1,0,0,https://medium.com/@kegui?source=tag_archive---------22---------------------,https://medium.com/@kegui/change-jupyter-notebook-startup-folder-windows-608dfcfdc104
DATA STRUCTURES AND ALGORITHMS,DATA STRUCTURES AND ALGORITHMS,0,gilbert adjei,NaN,2018,9,1,data-science,2,11,0,https://medium.com/@gilbertadjei800?source=tag_archive---------23---------------------,https://medium.com/@gilbertadjei800/data-structures-and-algorithms-8e919d0601cb
5 Reviews to Make You Blush 5 Shades of Crimson,From the Most Helpful on Amazon,1,Corey Wade,NaN,2018,9,1,data-science,10,1,0,https://medium.com/@coreywade?source=tag_archive---------24---------------------,https://medium.com/@coreywade/5-reviews-to-make-you-blush-5-shades-of-crimson-ec09cef67a5c
A true believer,"For a year, he used our platform, asked questions and spread the word anyway. He was genuinely excited about what we were trying to accomplish. He shared with",0,Aur lien Vasinis,brainsfeed,2018,9,1,data-science,1,51,0,https://medium.com/@vasinis?source=tag_archive---------25---------------------,https://medium.com/brainsfeed/a-true-believer-35586a29d465
An Interesting relationship of Hive Tables with Apache Spark,{ > 2.0.0},0,ABC a Software Engineer,NaN,2018,9,1,data-science,3,0,0,https://medium.com/@Ubunta?source=tag_archive---------26---------------------,https://medium.com/@Ubunta/an-interesting-relationship-of-hive-tables-with-apache-spark-85f049de9950
Thank you! That all makes sense to me except useless.,"Its not actually a type of data and shouldnt be put on the same dimension with other types mentioned. Useless data can simultaneously be ordinal, or interval, or any other data type. It actually depends on the context: for some tasks one piece of data might be",0,Alexey Grinko,NaN,2018,9,1,data-science,1,1,1,https://medium.com/@grinko.alexey?source=tag_archive---------27---------------------,https://medium.com/@grinko.alexey/thank-you-that-all-makes-sense-to-me-except-useless-412229a77ade
First steps into Data Science,Story about inferential statistics project,1,Artem Dracontis,NaN,2018,9,1,data-science,8,3,0,https://medium.com/@Dracontis?source=tag_archive---------28---------------------,https://medium.com/@Dracontis/first-steps-into-data-science-22254d00de8b
Tales from the Megabus,"When I graduated with my Ph.D., I took a job in DC, more specifically northern Virginia (Alexandria). I made a deal",1,Robert McKeon Aloe,Overthinking Life,2018,9,1,data-science,3,1,0,https://medium.com/@rmckeon?source=tag_archive---------29---------------------,https://medium.com/overthinking-life/tales-from-the-megabus-22e2a0b124c
Syntax Errors vs Exceptions in Python,NaN,0,Rizwan Qaiser,NaN,2018,9,1,data-science,2,12,0,https://medium.com/@rqaiserr?source=tag_archive---------30---------------------,https://medium.com/@rqaiserr/how-to-handle-errors-in-python-bcab28b99c4c
Read Practical Statistics for Data Scientists: 50 Essential Concepts By Peter Bruce eBook PDF #pdf,[PDF] Download Practical Statistics for Data Scientists: 50 Essential Concepts By Peter Bruce Free Link,0,Roman Nichols,NaN,2018,9,1,data-science,3,0,0,https://medium.com/@romannichols?source=tag_archive---------31---------------------,https://medium.com/@romannichols/read-practical-statistics-for-data-scientists-50-essential-concepts-by-peter-bruce-ebook-pdf-pdf-c5329fa5d97f
How much can you earn as a freelancer?,Im always interested in freelancing and wonder how freelancers can earn money from the,1,Ben Wang,NaN,2018,9,1,data-science,1,0,0,https://medium.com/@tf.wang.seu?source=tag_archive---------32---------------------,https://medium.com/@tf.wang.seu/how-much-can-you-earn-as-a-freelancer-9e33cb40332b
Understanding Research Trends in Recommender Systems from Word Cloud,"The field of recommender systems grows rapidly according to the recent development of practical intelligent systems. However, even though the field is exceptionally practical compared to the other",0,Takuya Kitazawa,NaN,2018,9,1,data-science,3,0,0,https://medium.com/@takuti?source=tag_archive---------33---------------------,https://medium.com/@takuti/understanding-research-trends-in-recommender-systems-from-word-cloud-c45e9a0ab5cc
Algorithms fall short in predicting litigation outcomes,"Emanwel Turnbull, one of two attorneys at the Holland Law Firm, uses a unique, statewide database to gain early insight into his cases.",0,Jason Tashea,NaN,2018,9,1,data-science,1,0,0,https://medium.com/@jtashea?source=tag_archive---------34---------------------,https://medium.com/@jtashea/algorithms-fall-short-in-predicting-litigation-outcomes-fce1edbf269
(Download) Categorical Data Analysis By Alan Agresti PDF Books #Mobi,"PDF[EPUB] Categorical Data Analysis READ ONLINE By Alan Agresti   Link https://shoppipubherenow.icu/?q=Categorical+Data+AnalysisA classic in its own right, this book continues to provide an introduction to",0,Richmond Greene,NaN,2018,9,1,data-science,2,0,0,https://medium.com/@richmondgreene?source=tag_archive---------35---------------------,https://medium.com/@richmondgreene/download-categorical-data-analysis-by-alan-agresti-pdf-books-mobi-2c289664404c
ISEL Global partnered with Hunarmand India to offer Government certified courses,"ISELInstitute for Skill Enhancement & learning, an online leading and the pioneer in the training providers for Live Virtual Training Programs across India today announced their alliance",0,ISEL GLOBAL Premier Certification Provider Body,NaN,2018,9,1,data-science,2,0,0,https://medium.com/@pscanada2017?source=tag_archive---------36---------------------,https://medium.com/@pscanada2017/isel-global-partnered-with-hunarmand-india-to-offer-government-certified-courses-7d6607343704
Pdf Download eBook Free Python Data Science Handbook: Tools and Techniques for Developers By Jake Vanderplas PDF #epub,DOWNLOAD in @PDF Python Data Science Handbook: Tools and Techniques for Developers [PDF EBOOK EPUB KINDLE] By Jake Vanderplas,0,sgdhfjh,NaN,2018,9,1,data-science,3,0,0,https://medium.com/@sgdhfjh?source=tag_archive---------37---------------------,https://medium.com/@sgdhfjh/pdf-download-ebook-free-python-data-science-handbook-tools-and-techniques-for-developers-by-jake-9ee281e347d0
NaN,NaN,0,gorok,NaN,2018,9,1,data-science,4,0,0,https://medium.com/@gorok?source=tag_archive---------38---------------------,https://medium.com/@gorok/pdf-download-ebook-free-data-science-for-business-what-you-need-to-know-about-data-mining-and-8052edb73852
What is data science?,Data science,1,Anurag Gandhi,NaN,2018,9,1,data-science,1,0,0,https://medium.com/@anuraggandhi29?source=tag_archive---------39---------------------,https://medium.com/@anuraggandhi29/what-is-datascience-6ac639f830c2
NaN,NaN,0,Molo.,NaN,2018,9,1,data-science,0,0,1,https://medium.com/@molo.?source=tag_archive---------40---------------------,NaN
Read pdf Free eBook C# 7.0 in a Nutshell: The Definitive Reference By Joseph Albahari PDF eBook #pdf,[PDF] Download Practical Statistics for Data Scientists: 50 Essential Concepts By Peter Bruce Free Link,0,Duncan Wilder,NaN,2018,9,1,data-science,3,0,0,https://medium.com/@duncanwilder?source=tag_archive---------41---------------------,https://medium.com/@duncanwilder/read-pdf-free-ebook-c-7-0-4a1c43306c0f
What can send to sleep everybody may keep awake a sw engineer ;),Just consider that a lot of tech stuff is on Medium too and theres an active community around all IT. Hacker Noon and Towards Data Science are two active publications that come to my mind.,0,Vico Biscotti,NaN,2018,9,1,data-science,1,0,1,https://medium.com/@vicobiscotti?source=tag_archive---------42---------------------,https://medium.com/@vicobiscotti/what-can-send-to-sleep-everybody-may-keep-awake-a-sw-engineer-c3ddb5e67007
Pdf download Economy of Nature By Robert E. Ricklefs DOWNLOAD EBOOK PDF KINDLE #pdf,p.d.f Data Science for Business: What you need to know about data mining and data-analytic thinking [PDF EBOOK EPUB KINDLE] By Foster Provost,0,vakork,NaN,2018,9,1,data-science,4,0,0,https://medium.com/@vakork?source=tag_archive---------43---------------------,https://medium.com/@vakork/pdf-download-economy-of-nature-by-robert-e-ricklefs-download-ebook-pdf-kindle-pdf-cf2511607244
Read pdf Free eBook Data Science for Business: What you need to know about data mining and data-analytic thinking By Foster Provost eBook PDF #ebook,[PDF BOOK] Data Science for Business: What you need to know about data mining,0,Abony Moses,NaN,2018,9,1,data-science,4,0,0,https://medium.com/@abonymoses?source=tag_archive---------44---------------------,https://medium.com/@abonymoses/read-pdf-free-ebook-data-science-for-business-what-you-need-to-know-about-data-mining-and-bb8e6518c786
Read Practical Statistics for Data Scientists: 50 Essential Concepts By Peter Bruce eBook PDF #pdf,[PDF] Download Practical Statistics for Data Scientists: 50 Essential Concepts By Peter Bruce Free Link,0,Randall Mcgee,NaN,2018,9,1,data-science,3,0,0,https://medium.com/@randallmcgee_67177?source=tag_archive---------45---------------------,https://medium.com/@randallmcgee_67177/read-practical-statistics-for-data-scientists-50-essential-concepts-by-peter-bruce-ebook-pdf-pdf-1d8b643b3fb
5 Lessons I Have Learned From Data Science In Real Working Experience,The underrated yet important lessons,1,Admond Lee,Towards Data Science,2018,9,2,data-science,8,275,0,https://towardsdatascience.com/@admond1994?source=tag_archive---------0---------------------,https://towardsdatascience.com/5-lessons-i-have-learned-from-data-science-in-real-working-experience-3532c1b41fd7
Storytelling for Data Scientists,Turn data into stories to persuade your audience,1,Jan Zawadzki,Towards Data Science,2018,9,2,data-science,6,473,0,https://towardsdatascience.com/@janzawadzki?source=tag_archive---------1---------------------,https://towardsdatascience.com/storytelling-for-data-scientists-317c2723aa31
Whats the Best Pokmon Type? The Power of Metrics,NaN,1,Luciano Strika,Towards Data Science,2018,9,2,data-science,7,69,0,https://towardsdatascience.com/@StrikingLoo?source=tag_archive---------2---------------------,https://towardsdatascience.com/recreational-data-science-whats-the-best-pok%C3%A9mon-type-d3fcd28ea740
Can you solve a person detection task in 10 minutes?,NaN,1,Supervise.ly,Hacker Noon,2018,9,2,data-science,8,337,0,https://hackernoon.com/@deepsystems?source=tag_archive---------3---------------------,https://hackernoon.com/can-you-solve-a-person-detection-task-in-10-minutes-74fba061194c
A blundering guide to making a deep actor-critic bot for stock trading,NaN,1,Tom Grek,Towards Data Science,2018,9,2,data-science,12,140,0,https://towardsdatascience.com/@tomgrek?source=tag_archive---------4---------------------,https://towardsdatascience.com/a-blundering-guide-to-making-a-deep-actor-critic-bot-for-stock-trading-c3591f7e29c2
NaN," ,        .",1,Vit Cheremisinov,statistics experiments,2018,9,2,data-science,3,133,0,https://medium.com/@vitcheremisinov?source=tag_archive---------5---------------------,https://medium.com/statistics-experiments/%D1%87%D1%82%D0%BE-%D0%B1%D1%83%D0%B4%D0%B5%D1%82-%D0%B5%D1%81%D0%BB%D0%B8-%D0%B8%D1%81%D0%BF%D0%BE%D0%BB%D1%8C%D0%B7%D0%BE%D0%B2%D0%B0%D1%82%D1%8C-%D0%BF%D0%B0%D1%80%D0%B0%D0%BC%D0%B5%D1%82%D1%80%D0%B8%D1%87%D0%B5%D1%81%D0%BA%D0%B8%D0%B9-%D0%BA%D1%80%D0%B8%D1%82%D0%B5%D1%80%D0%B8%D0%B9-%D0%BD%D0%B0-%D0%BD%D0%B5%D0%BD%D0%BE%D1%80%D0%BC%D0%B0%D0%BB%D1%8C%D0%BD%D0%BE-%D1%80%D0%B0%D1%81%D0%BF%D1%80%D0%B5%D0%B4%D0%B5%D0%BB%D0%B5%D0%BD%D0%BD%D0%BE%D0%B9-%D0%B2%D1%8B%D0%B1%D0%BE%D1%80%D0%BA%D0%B5-94be5d2afaa7
The journey of Dutch DJs around the world,"Being a world class DJ isnt all about glitter and glamour. I mean, traveling all",1,Bo Plantinga,Towards Data Science,2018,9,2,data-science,6,104,0,https://towardsdatascience.com/@boplantinga?source=tag_archive---------6---------------------,https://towardsdatascience.com/the-journey-of-dutch-djs-around-the-world-d7434966ce9d
Um estudo sobre modelos de aprendizagem baseados em rvores com desafio do Kaggle,"Um estudo aplicado de modelos de aprendizagem baseados em rvores utilizando a base de dados do Kaggle para prever o preo final de casas residenciais em Ames, Iowa, utilizando uma variedade",0,Fellipe Gomes,Ensina.AI,2018,9,2,data-science,15,68,0,https://medium.com/@gomesfellipe?source=tag_archive---------7---------------------,https://medium.com/ensina-ai/um-estudo-sobre-modelos-de-aprendizagem-baseados-em-%C3%A1rvores-com-desafio-do-kaggle-a73c32abc9f1
Healthcare Dataset with Spark,Spark,1,Alena Nazarava,Towards Data Science,2018,9,2,data-science,6,25,0,https://towardsdatascience.com/@alena.nazarava0604?source=tag_archive---------8---------------------,https://towardsdatascience.com/healthcare-dataset-with-spark-6bf48019892b
NaN,   A/B .  ,1,Vit Cheremisinov,statistics experiments,2018,9,2,data-science,4,32,0,https://medium.com/@vitcheremisinov?source=tag_archive---------9---------------------,https://medium.com/statistics-experiments/%D0%BD%D0%B5%D0%BF%D0%B0%D1%80%D0%B0%D0%BC%D0%B5%D1%82%D1%80%D0%B8%D1%87%D0%B5%D1%81%D0%BA%D0%B8%D0%B5-%D0%BC%D0%B5%D1%82%D0%BE%D0%B4%D1%8B-%D0%B4%D0%BB%D1%8F-a-b-%D1%82%D0%B5%D1%81%D1%82%D0%BE%D0%B2-%D1%81%D1%87%D0%B8%D1%82%D0%B0%D0%B5%D0%BC-%D0%B4%D0%B5%D0%BD%D1%8C%D0%B3%D0%B8-4b854df151cd
How Might Ethical Data Principles Borrow from Social Work?,NaN,1,Catherine D'Ignazio,NaN,2018,9,2,data-science,4,26,0,https://medium.com/@kanarinka?source=tag_archive---------10---------------------,https://medium.com/@kanarinka/how-might-ethical-data-principles-borrow-from-social-work-3162f08f0353
Analyzing Medium posts to understand impact of Cambridge Analytica Scandal,Has there been a focus shift towards privacy since the scandal?,0,Aiswarya Ramachandran,Analytics Vidhya,2018,9,2,data-science,6,122,0,https://medium.com/@aiswaryar?source=tag_archive---------11---------------------,https://medium.com/analytics-vidhya/analyzing-medium-posts-to-understand-impact-of-cambridge-analytica-scandal-5841f46703d6
Predicting Cost of Tender with 99.24% Accuracy : Miracle!,Decision Tree Classifier ,0,Uddeshya Singh,Hacker Noon,2018,9,2,data-science,4,495,0,https://hackernoon.com/@singhuddeshyaofficial?source=tag_archive---------12---------------------,https://hackernoon.com/predicting-cost-of-tender-with-99-24-accuracy-miracle-6cc264621972
Analysing Lancashires Mental Wellbeing with Node and R,NaN,1,Peter Hughes,NaN,2018,9,2,data-science,14,22,0,https://medium.com/@peterhughes_uk?source=tag_archive---------13---------------------,https://medium.com/@peterhughes_uk/analysing-lancashires-mental-wellbeing-with-node-and-r-e75098e4e3da
Machine Learning Tutorial #4: Deployment,"Topics: Stack Selection, Heroku, Testing",1,Adam Novotny,Coinmonks,2018,9,2,data-science,5,65,0,https://medium.com/@adam5ny?source=tag_archive---------14---------------------,https://medium.com/coinmonks/machine-learning-tutorial-4-deployment-79764123e9e1
"Machine Learning : What, Why and How?","Artificial Intelligence, Machine Learning and Deep Learning are the terms you have been",1,Nitish Bhardwaj,NaN,2018,9,2,data-science,4,150,0,https://medium.com/@nitish11?source=tag_archive---------15---------------------,https://medium.com/@nitish11/machine-learning-what-why-and-how-eca5665e90b2
 Big Data, big data     big data  IT,1,devplanter Team,devplanter,2018,9,2,data-science,2,2,0,https://medium.com/@devplanter?source=tag_archive---------16---------------------,https://medium.com/devplanter/%E0%B8%A3%E0%B8%B9%E0%B9%89%E0%B8%88%E0%B8%B1%E0%B8%81%E0%B8%81%E0%B8%B1%E0%B8%9A-big-data-d97a680ae3fa
"Indexing in Python for Data Scientists (NumPy, Pandas and Python native)",NaN,0,Atul kumar,NaN,2018,9,2,data-science,7,3,0,https://medium.com/@_AtulKumar_?source=tag_archive---------17---------------------,https://medium.com/@_AtulKumar_/indexing-in-python-for-data-scientists-numpy-pandas-and-python-native-4bf7617211ad
Where to start? On the path to become a bioinformatician / computational biologist,"TLDR: Choose a language, choose an IDE, make sure you are on the right path, and join nurturing communities",0,Deena Blumenkrantz,Deena Does Data Science,2018,9,2,data-science,5,30,0,https://medium.com/@deenab?source=tag_archive---------18---------------------,https://medium.com/deena-does-data-science/where-to-start-on-the-path-to-become-a-data-scientist-part-1-caa60fd20558
Heres What Up to 1000Mbps Actually Means in Seattle,A Data-Oriented Interpretation.,0,Tony Ge,NaN,2018,9,2,data-science,4,0,0,https://medium.com/@tonxy?source=tag_archive---------19---------------------,https://medium.com/@tonxy/heres-what-up-to-1000mbps-actually-means-in-seattle-ea26e22aa514
How to develop your AI intuition,"In this article, Im going to help you develop your inner compass to navigate this uncharted field.",1,Prince Canuma,NaN,2018,9,2,data-science,5,12,0,https://medium.com/@prince.canuma?source=tag_archive---------20---------------------,https://medium.com/@prince.canuma/how-to-develop-your-ai-intuition-2148bd23e1a0
ElasticSearchConvert your index data into Pandas DataFrame,"If you work with Pandas and use elasticsearch, chances are you may have a requirement to convert your index data into a Pandas Dataframe.",0,Sonal Patni,NaN,2018,9,2,data-science,1,1,0,https://medium.com/@patni.sonal?source=tag_archive---------21---------------------,https://medium.com/@patni.sonal/elasticsearch-convert-your-index-data-into-pandas-dataframe-30c44ada2407
"Weeknotes 28: data, and more data",A short(ish) weeknote this week (to reflect the short week!),1,Cate McLaurin,Web of Weeknotes,2018,9,2,data-science,3,46,0,https://weeknot.es/@cate.mclaurin?source=tag_archive---------22---------------------,https://weeknot.es/weeknotes-28-data-and-more-data-a3ef85a330af
Data Cleaning: Character Encoding,"In my previous post of Data Cleaning, we discussed How to parse dates. In this post, were going to",1,nishant sethi,Data Driven Investor,2018,9,2,data-science,7,6,0,https://medium.com/@nsethi610?source=tag_archive---------23---------------------,https://medium.com/datadriveninvestor/data-cleaning-character-encoding-b4e0e9c65b2a
NaN,NaN,0,Boris N.,NaN,2018,9,2,data-science,1,2,1,https://medium.com/@reezbo3k?source=tag_archive---------24---------------------,https://medium.com/@reezbo3k/interesting-read-e0474823a1b1
Q-Q Plot to check the distribution of a random variable.,In my previous article we have seen the what is gaussian,1,Akshay Choulwar,NaN,2018,9,2,data-science,2,0,0,https://medium.com/@achoulwar901?source=tag_archive---------25---------------------,https://medium.com/@achoulwar901/q-q-plot-to-check-distribution-of-random-variable-899b0711b6aa
Why I dont trust scientific research,And why p-hacking is tainting many academic fields,1,Daniel Greener,NaN,2018,9,2,data-science,3,73,0,https://medium.com/@danielgreener?source=tag_archive---------26---------------------,https://medium.com/@danielgreener/why-i-dont-trust-scientific-research-7d8b37c85d95
Why I got interested in Hottest Job of 21st Century,Please note before reading:This is not about the,1,Div Jain,NaN,2018,9,2,data-science,2,1,0,https://medium.com/@divjain?source=tag_archive---------27---------------------,https://medium.com/@divjain/why-i-got-interested-in-hottest-job-of-21st-century-92af669a0f15
How to Stay Ahead of the Pack,Maximizing the cognitive dissonance we call reality.,1,Ilexa Yardley,The Circular Theory,2018,9,2,data-science,3,0,0,https://medium.com/@IlexaYardley?source=tag_archive---------28---------------------,https://medium.com/the-circular-theory/way-far-ahead-of-the-pack-5675859c645b
"Read pdf Free eBook China Rich Girlfriend (Crazy Rich Asians, #2) By Kevin Kwan PDF MOBI #Audiobook",DOWNLOAD in <PDF> Python Data Science Handbook: Tools and Techniques for Developers READ ONLINE By Jake Vanderplas,0,Bonita Fuller,NaN,2018,9,2,data-science,3,0,0,https://medium.com/@bonitafuller?source=tag_archive---------29---------------------,https://medium.com/@bonitafuller/read-pdf-free-ebook-china-rich-girlfriend-crazy-rich-asians-2-by-kevin-kwan-pdf-mobi-audiobook-f7cee8162f68
Pandas-Series,"Python is a really powerful language and any piece of software like web application,windows application, ML model etc can be built",1,Japneet Singh Chawla,NaN,2018,9,2,data-science,3,1,0,https://medium.com/@japneet121?source=tag_archive---------30---------------------,https://medium.com/@japneet121/pandas-series-6886ea39dc90
Linear Regression: Zero to Hero!,"Spooky House? Wanna sell it? Well, linear regression can help you get rid of your house",1,Abhijeet Bhattacharya,Practical Programming,2018,9,2,data-science,4,0,0,https://medium.com/@abhijeetbhattacharya?source=tag_archive---------31---------------------,https://medium.com/practical-programming/linear-regression-zero-to-hero-ddab2a63bc16
Python Data Structures -List,Prerequisites : Basic knowledge of any programming language,0,Renu Khandelwal,NaN,2018,9,2,data-science,5,2,0,https://medium.com/@arshren?source=tag_archive---------32---------------------,https://medium.com/@arshren/python-data-structures-list-9131e7386c8d
Preface of Project JADS,NaN,1,Yudi Xu,Just another data scientist,2018,9,2,data-science,2,51,0,https://medium.com/@transight?source=tag_archive---------33---------------------,https://medium.com/just-another-data-scientist/preface-of-project-jads-fc19a80e9d56
Best Dedicated Servers Fundamentals Explained,The War Against Best Dedicated Servers,0,Dedicated Server Business,NaN,2018,9,2,data-science,4,0,0,https://medium.com/@dedicatedserve?source=tag_archive---------34---------------------,https://medium.com/@dedicatedserve/best-dedicated-servers-fundamentals-explained-3fe8cbecc703
whoami,I double majored and graduate in 2016 with a BBA in Economics and a BBA in Information Systems. I wanted to study economics because I knew that I,1,Charles Di Renzo,Greenhorn Data Science,2018,9,2,data-science,3,0,0,https://medium.com/@charlesdirenzo?source=tag_archive---------35---------------------,https://medium.com/greenhorn-data-science/whoami-e773cb480621
NaN,NaN,0,Antoinette Naylor,NaN,2018,9,2,data-science,4,0,0,https://medium.com/@antoinettenaylor?source=tag_archive---------36---------------------,https://medium.com/@antoinettenaylor/read-pdf-marketing-data-science-modeling-techniques-in-predictive-analytics-with-r-and-python-by-11cc7022c56a
Recommendation System Use Case,"Recommendation system is quite common nowadays for online business. It recommend items, products, services to individuals based on users profile and features of the items/services. You see it in Amazon, Netflix and other popular consumer websites. Suppose you own a online",0,Shaoliang Jia,NaN,2018,9,2,data-science,1,0,0,https://medium.com/@shaoliang.jia?source=tag_archive---------37---------------------,https://medium.com/@shaoliang.jia/recommendation-system-usage-update-e1b8c3153994
READ PDF Inferior: How Science Got Women Wrong?and the New Research Thats Rewriting the Story By Angela Saini BOOK ONLINE #kindle,"FREE [P.D.F] Finite Mathematics for Business, Economics, Life Sciences, and Social Sciences pdf By Raymond A",0,Denny Mcfadden,NaN,2018,9,2,data-science,3,0,0,https://medium.com/@dennymcfadden_96811?source=tag_archive---------38---------------------,https://medium.com/@dennymcfadden_96811/read-pdf-inferior-how-science-got-women-wrong-and-748c034bf51e
"Read Online Finite Mathematics for Business, Economics, Life Sciences, and Social Sciences By Raymond A. Barnett DOWNLOAD EBOOK PDF KINDLE #epub","FREE [P.D.F] Finite Mathematics for Business, Economics, Life Sciences, and Social",0,Brodie Owen,NaN,2018,9,2,data-science,3,0,0,https://medium.com/@brodieowen?source=tag_archive---------39---------------------,https://medium.com/@brodieowen/read-online-finite-mathematics-for-business-economics-life-sciences-and-social-sciences-by-2570f8ec47f
[DOWNLOAD $PDF$] Python Data Science Handbook: Tools and Techniques for Developers By Jake Vanderplas Full version #readonline,DOWNLOAD in <PDF> Python Data Science Handbook: Tools and Techniques for Developers READ ONLINE By Jake Vanderplas,0,Blake Reese,NaN,2018,9,2,data-science,3,0,0,https://medium.com/@blakereese?source=tag_archive---------40---------------------,https://medium.com/@blakereese/download-pdf-python-data-science-handbook-tools-and-techniques-for-developers-by-jake-2137fe9c29a8
